{"name": "CentreOutFF", "B": 0.5, "K": 150, "T_destination": "~T_destination", "action_frame_stacking": 0, "action_noise": [0.0001, 0.0001, 0.0001, 0.0001, 0.0001, 0.0001], "batch_size": 32, "calc_endpoint_force": false, "call_super_init": false, "catch_trial": [1.0, 1.0, 0.0, 0.0, 0.0, 0.0, 0.0, 1.0, 1.0, 1.0, 1.0, 1.0, 1.0, 0.0, 1.0, 0.0, 0.0, 1.0, 1.0, 0.0, 1.0, 0.0, 1.0, 0.0, 0.0, 0.0, 1.0, 0.0, 0.0, 1.0, 0.0, 1.0], "catch_trial_perc": 50, "delay_range": [0, 0], "device": "cpu", "differentiable": true, "dt": 0.01, "dump_patches": false, "elapsed": 1.0000000000000007, "endpoint_force": [[0.0, 0.0], [0.0, 0.0], [0.0, 0.0], [0.0, 0.0], [0.0, 0.0], [0.0, 0.0], [0.0, 0.0], [0.0, 0.0], [0.0, 0.0], [0.0, 0.0], [0.0, 0.0], [0.0, 0.0], [0.0, 0.0], [0.0, 0.0], [0.0, 0.0], [0.0, 0.0], [0.0, 0.0], [0.0, 0.0], [0.0, 0.0], [0.0, 0.0], [0.0, 0.0], [0.0, 0.0], [0.0, 0.0], [0.0, 0.0], [0.0, 0.0], [0.0, 0.0], [0.0, 0.0], [0.0, 0.0], [0.0, 0.0], [0.0, 0.0], [0.0, 0.0], [0.0, 0.0]], "endpoint_load": [[0.0, 0.0], [0.0, 0.0], [-0.0, -0.0], [0.0, -0.0], [-0.0, -0.0], [-0.0, -0.0], [-0.0, -0.0], [0.0, 0.0], [0.0, 0.0], [0.0, 0.0], [0.0, 0.0], [0.0, 0.0], [0.0, 0.0], [0.0, -0.0], [0.0, 0.0], [0.0, -0.0], [-0.0, -0.0], [0.0, 0.0], [0.0, 0.0], [-0.0, -0.0], [0.0, 0.0], [-0.0, 0.0], [0.0, 0.0], [-0.0, 0.0], [-0.0, -0.0], [-0.0, -0.0], [0.0, 0.0], [0.0, -0.0], [-0.0, -0.0], [0.0, 0.0], [0.0, -0.0], [0.0, 0.0]], "ff_coefficient": 0, "go_cue": [[0.0], [0.0], [1.0], [1.0], [1.0], [1.0], [1.0], [0.0], [0.0], [0.0], [0.0], [0.0], [0.0], [1.0], [0.0], [1.0], [1.0], [0.0], [0.0], [1.0], [0.0], [1.0], [0.0], [1.0], [1.0], [1.0], [0.0], [1.0], [1.0], [0.0], [1.0], [0.0]], "go_cue_range": [0.1, 0.3], "go_cue_time": [1.0, 1.0, 0.1726260936606869, 0.24044090303458268, 0.24078362611333973, 0.12090587970867975, 0.12191303012622719, 1.0, 1.0, 1.0, 1.0, 1.0, 1.0, 0.2642180939376707, 1.0, 0.10793868708276791, 0.21552110631871052, 1.0, 1.0, 0.2846066403589551, 1.0, 0.11462609234824779, 1.0, 0.2294587803720535, 0.21833687761848747, 0.18162109857328143, 1.0, 0.13949645543757694, 0.1892199535401075, 1.0, 0.19486146911272992, 1.0], "init": [[-0.24629953503608704, 0.4799598753452301], [-0.17517800629138947, 0.11781644821166992], [-0.48660019040107727, 0.12541790306568146], [-0.21016950905323029, 0.585426926612854], [-0.29979926347732544, 0.5195606350898743], [-0.04532226547598839, 0.6387797594070435], [-0.27198266983032227, 0.09435676038265228], [0.20235061645507812, 0.46468445658683777], [-0.12367427349090576, 0.34496012330055237], [-0.43378448486328125, 0.21088644862174988], [-0.3903939127922058, 0.1824004054069519], [-0.37749114632606506, 0.40913742780685425], [-0.08815258741378784, 0.25187891721725464], [0.4667556881904602, 0.39211687445640564], [-0.29102930426597595, 0.38721519708633423], [-0.4478490352630615, 0.07292106747627258], [0.31652775406837463, 0.5439871549606323], [-0.4794359803199768, 0.18328647315502167], [-0.1959177404642105, 0.06165483593940735], [0.5228842496871948, 0.3675260543823242], [-0.22674758732318878, 0.47099512815475464], [-0.11426585167646408, 0.5367968082427979], [-0.12111204862594604, 0.24276357889175415], [-0.1748553216457367, -0.03560003638267517], [-0.24951505661010742, 0.26893526315689087], [0.3502390682697296, 0.4885411262512207], [-0.2755574882030487, 0.0970434695482254], [-0.40391308069229126, 0.12337496876716614], [0.5898491144180298, 0.25178655982017517], [0.06100277602672577, 0.5570210218429565], [-0.0580839067697525, 0.35034042596817017], [-0.19768768548965454, 0.5702440142631531]], "is_channel": false, "max_ep_duration": 1, "metadata": {"render_modes": []}, "n_muscles": 6, "np_random_seed": 1210557727269158278590560905658120858, "nq_init": null, "obs_noise": [0.0, 0.0, 0.0, 0.0, 0.0, 0.0, 0.0, 0.0, 0.0, 0.0, 0.0, 0.0, 0.0, 0.0, 0.0, 0.0, 0.0], "proprioception_delay": 2, "proprioception_noise": [0.001], "q_init": null, "render_mode": null, "seed": null, "space_dim": 2, "spec": null, "training": true, "vision_delay": 7, "vision_noise": [0.0001], "effector": {"muscle": {"name": "RigidTendonHillMuscle", "state names": ["activation", "muscle length", "muscle velocity", "force-length PE", "force-length CE", "force-velocity CE", "force"]}, "skeleton": {"dof": 2, "dt": "0.01", "space_dim": 2, "I1": 0.051, "I2": 0.057, "L1": 0.309, "L2": 0.333, "L1g": 0.135, "L2g": 0.165, "c_viscosity": 0.0, "coriolis_1": -0.07290855, "coriolis_2": 0.07290855, "m1": 1.82, "m2": 1.43}, "dt": 0.01, "n_ministeps": 1, "minidt": 0.01, "half_minidt": 0.005, "muscle_names": ["pectoralis", "deltoid", "brachioradialis", "tricepslat", "biceps", "tricepslong"], "n_muscles": 6, "muscle_wrapping_cfg": {"pectoralis": {"n_fixation_points": 0, "fixation body": [], "coordinates": []}, "deltoid": {"n_fixation_points": 0, "fixation body": [], "coordinates": []}, "brachioradialis": {"n_fixation_points": 0, "fixation body": [], "coordinates": []}, "tricepslat": {"n_fixation_points": 0, "fixation body": [], "coordinates": []}, "biceps": {"n_fixation_points": 0, "fixation body": [], "coordinates": []}, "tricepslong": {"n_fixation_points": 0, "fixation body": [], "coordinates": []}}}}